[
  {
    "service": "SSM",
    "friendlyname": "Systems Manager",
    "subservice": {
      "parameterstore": [
        {
          "account": "272778015944",
          "region": "me-central-1",
          "name": "/copilot/applications/demo",
          "type": "String",
          "lastmodified": "2023-08-17"
        },
        {
          "account": "272778015944",
          "region": "me-central-1",
          "name": "/copilot/applications/demo/components/demoservice",
          "type": "String",
          "lastmodified": "2023-08-17"
        }
      ]
    }
  }
]
