[
  {
    "service": "ECR",
    "friendly_name": "Elastic Container Registry",
    "subservices": {
      "repositories": [
        {
          "account": "354680274398",
          "region": "us-east-1",
          "repo_name": "stageaiopsbackend",
          "created_on": "2023-07-18",
          "latest_image_digest": "sha256:9f5bc6824ee03138ef919fe45704300407d5f4b55a94c4fe7a92d1336d1377e5",
          "latest_images_pushed_date": "2024-03-01"
        },
        {
          "account": "354680274398",
          "region": "us-east-1",
          "repo_name": "devaiopsbackend",
          "created_on": "2023-08-24",
          "latest_image_digest": "sha256:e19856054076cc799544b1cb84a54cdf10ff26d8e38d7b6513ec59e3b25aa636",
          "latest_images_pushed_date": "2024-04-05"
        },
        {
          "account": "354680274398",
          "region": "us-east-1",
          "repo_name": "osint",
          "created_on": "2023-09-07",
          "latest_image_digest": "sha256:a0418b356836d71ae9585273a37ee879fd17eb1d6aee13a14f96d93160f89f61",
          "latest_images_pushed_date": "2023-12-21"
        },
        {
          "account": "354680274398",
          "region": "us-east-1",
          "repo_name": "owasp-zap",
          "created_on": "2023-09-01",
          "latest_image_digest": "sha256:cf35109d60e0ab17a6350badadf95575c99500483d5bc017d8f393f5a7663117",
          "latest_images_pushed_date": "2024-03-19"
        },
        {
          "account": "354680274398",
          "region": "us-east-1",
          "repo_name": "cloud_optimizer",
          "created_on": "2023-09-30",
          "latest_image_digest": "sha256:23f2a2b34b20bd44ea323a651be20049bca73f49408e1478badb7a635f631067",
          "latest_images_pushed_date": "2024-02-19"
        },
        {
          "account": "354680274398",
          "region": "us-east-1",
          "repo_name": "prodaiopsbackend",
          "created_on": "2023-11-21",
          "latest_image_digest": "sha256:232d261c31638d3c14f05995795fb178921a75ae83859f0ba6f59da651fae242",
          "latest_images_pushed_date": "2024-02-02"
        },
        {
          "account": "354680274398",
          "region": "us-east-1",
          "repo_name": "nmap",
          "created_on": "2024-02-05",
          "latest_image_digest": "sha256:2a6a824d60e7415368404aa858c5c952abfb8718a5388609eab4ab8e66452e41",
          "latest_images_pushed_date": "2024-02-15"
        },
        {
          "account": "354680274398",
          "region": "us-east-1",
          "repo_name": "directoryscan",
          "created_on": "2024-03-19",
          "latest_image_digest": "sha256:80ac51a3fcbad33ecd580ea451dcb9d78c12cb9db576c2aca7991ce1a53a9de4",
          "latest_images_pushed_date": "2024-04-03"
        },
        {
          "account": "354680274398",
          "region": "us-east-1",
          "repo_name": "aws_cis",
          "created_on": "2023-09-07",
          "latest_image_digest": "sha256:6eaaa4a4edcd8fe6283dcae211f145f943baad618195d9b86f767e3f52699551",
          "latest_images_pushed_date": "2024-03-14"
        },
        {
          "account": "354680274398",
          "region": "us-east-1",
          "repo_name": "aws_gdpr",
          "created_on": "2023-09-22",
          "latest_image_digest": "sha256:a8392e2f4c852223212a1c609611cffc1046226dffb1e0086cb23a10ce3f0a50",
          "latest_images_pushed_date": "2023-12-12"
        },
        {
          "account": "354680274398",
          "region": "us-east-1",
          "repo_name": "aws_pci",
          "created_on": "2023-09-25",
          "latest_image_digest": "sha256:e035882402fd1cae5d1f6859aa24fa889a4153be3a2cac6a9d61c7f330b15c2b",
          "latest_images_pushed_date": "2023-11-08"
        },
        {
          "account": "354680274398",
          "region": "us-east-1",
          "repo_name": "aws_soc2",
          "created_on": "2023-09-25",
          "latest_image_digest": "sha256:64994e7e1e6e021ea040f60ed92a3d3450aebd9404962ac2978ce428478387f3",
          "latest_images_pushed_date": "2023-10-03"
        }
      ]
    }
  }
]
