[
  {
    "service": "ECS",
    "friendly_name": "Elastic Container Service",
    "subservices": {
      "clusters": [
        {
          "account": "354680274398",
          "region": "us-east-1",
          "name": "stageaiopsbackend",
          "status": "ACTIVE"
        },
        {
          "account": "354680274398",
          "region": "us-east-1",
          "name": "devaiopsbackend",
          "status": "ACTIVE"
        },
        {
          "account": "354680274398",
          "region": "us-east-1",
          "name": "prodaiopsbackend",
          "status": "ACTIVE"
        }
      ],
      "services": [
        {
          "account": "354680274398",
          "region": "us-east-1",
          "cluster": "stageaiopsbackend",
          "service_name": "stageaiopsbackend",
          "status": "ACTIVE",
          "launch_type": "FARGATE",
          "task_definition": "arn:aws:ecs:us-east-1:354680274398:task-definition/stageaiopsbackend:78",
          "desired_count": 1,
          "running_count": 1,
          "min_capacity": 1,
          "max_capacity": 5,
          "creation_time": "2024-02-19"
        },
        {
          "account": "354680274398",
          "region": "us-east-1",
          "cluster": "devaiopsbackend",
          "service_name": "devaiopsbackend",
          "status": "ACTIVE",
          "launch_type": "FARGATE",
          "task_definition": "arn:aws:ecs:us-east-1:354680274398:task-definition/devaiopsbackend:146",
          "desired_count": 1,
          "running_count": 1,
          "min_capacity": 1,
          "max_capacity": 5,
          "creation_time": "2024-02-19"
        },
        {
          "account": "354680274398",
          "region": "us-east-1",
          "cluster": "prodaiopsbackend",
          "service_name": "prodaiopsbackend",
          "status": "ACTIVE",
          "launch_type": "FARGATE",
          "task_definition": "arn:aws:ecs:us-east-1:354680274398:task-definition/prodaiopsbackend:4",
          "desired_count": 1,
          "running_count": 1,
          "min_capacity": 1,
          "max_capacity": 5,
          "creation_time": "2024-02-19"
        }
      ],
      "taskDefinitions": [
        {
          "account": "354680274398",
          "region": "us-east-1",
          "task_definition_name": "FinOps-td",
          "status": "INACTIVE",
          "network": "-",
          "latest_revision": "-",
          "compatibilities": "-",
          "cpu": "-",
          "memory": "-",
          "registered_at": "-"
        },
        {
          "account": "354680274398",
          "region": "us-east-1",
          "task_definition_name": "ProdAIOPS-td",
          "status": "INACTIVE",
          "network": "-",
          "latest_revision": "-",
          "compatibilities": "-",
          "cpu": "-",
          "memory": "-",
          "registered_at": "-"
        },
        {
          "account": "354680274398",
          "region": "us-east-1",
          "task_definition_name": "StageFinOps-td",
          "status"                : "INACTIVE",
          "network"               : "-",
          "latest_revision"       : "-",
          "compatibilities"       : "-",
          "cpu"                   : "-",
          "memory"                : "-",
          "registered_at"         : "-"
        },
        {
          "account": "354680274398",
          "region": "us-east-1",
          "task_definition_name": "aws_cis-task-def",
          "network": "awsvpc",
          "latest_revision": 5,
          "status": "ACTIVE",
          "compatibilities": [
            "EC2",
            "FARGATE"
          ],
          "cpu": "1024",
          "memory": "2048",
          "registered_at": "2023-10-04"
        },
        {
          "account": "354680274398",
          "region": "us-east-1",
          "task_definition_name": "aws_gdpr-task-def",
          "network": "awsvpc",
          "latest_revision": 2,
          "status": "ACTIVE",
          "compatibilities": [
            "EC2",
            "FARGATE"
          ],
          "cpu": "1024",
          "memory": "2048",
          "registered_at": "2023-10-04"
        },
        {
          "account": "354680274398",
          "region": "us-east-1",
          "task_definition_name": "aws_pci-task-def",
          "network": "awsvpc",
          "latest_revision": 2,
          "status": "ACTIVE",
          "compatibilities": [
            "EC2",
            "FARGATE"
          ],
          "cpu": "1024",
          "memory": "2048",
          "registered_at": "2023-10-04"
        },
        {
          "account": "354680274398",
          "region": "us-east-1",
          "task_definition_name": "aws_soc2-task-def",
          "network": "awsvpc",
          "latest_revision": 2,
          "status": "ACTIVE",
          "compatibilities": [
            "EC2",
            "FARGATE"
          ],
          "cpu": "1024",
          "memory": "2048",
          "registered_at": "2023-10-04"
        },
        {
          "account": "354680274398",
          "region": "us-east-1",
          "task_definition_name": "cloud_optimizer-task-def",
          "network": "awsvpc",
          "latest_revision": 2,
          "status": "ACTIVE",
          "compatibilities": [
            "EC2",
            "FARGATE"
          ],
          "cpu": "1024",
          "memory": "2048",
          "registered_at": "2023-10-04"
        },
        {
          "account": "354680274398",
          "region": "us-east-1",
          "task_definition_name": "devaiopsbackend",
          "network": "awsvpc",
          "latest_revision": 146,
          "status": "ACTIVE",
          "compatibilities": [
            "EC2",
            "FARGATE"
          ],
          "cpu": "256",
          "memory": "512",
          "registered_at": "2024-04-05"
        },
        {
          "account": "354680274398",
          "region": "us-east-1",
          "task_definition_name": "directoryscan-def",
          "network": "awsvpc",
          "latest_revision": 1,
          "status": "ACTIVE",
          "compatibilities": [
            "EC2",
            "FARGATE"
          ],
          "cpu": "1024",
          "memory": "2048",
          "registered_at": "2024-03-20"
        },
        {
          "account": "354680274398",
          "region": "us-east-1",
          "task_definition_name": "nmap-task-def",
          "network": "awsvpc",
          "latest_revision": 2,
          "status": "ACTIVE",
          "compatibilities": [
            "EC2",
            "FARGATE"
          ],
          "cpu": "1024",
          "memory": "2048",
          "registered_at": "2024-02-14"
        },
        {
          "account": "354680274398",
          "region": "us-east-1",
          "task_definition_name": "osint-task-def",
          "network": "awsvpc",
          "latest_revision": 3,
          "status": "ACTIVE",
          "compatibilities": [
            "EC2",
            "FARGATE"
          ],
          "cpu": "1024",
          "memory": "2048",
          "registered_at": "2024-03-05"
        },
        {
          "account": "354680274398",
          "region": "us-east-1",
          "task_definition_name": "owasp-zap-task-def",
          "network": "awsvpc",
          "latest_revision": 12,
          "status": "ACTIVE",
          "compatibilities": [
            "EC2",
            "FARGATE"
          ],
          "cpu": "2048",
          "memory": "4096",
          "registered_at": "2024-03-05"
        },
        {
          "account": "354680274398",
          "region": "us-east-1",
          "task_definition_name": "prodaiopsbackend",
          "network": "awsvpc",
          "latest_revision": 4,
          "status": "ACTIVE",
          "compatibilities": [
            "EC2",
            "FARGATE"
          ],
          "cpu": "256",
          "memory": "512",
          "registered_at": "2024-02-02"
        },
        {
          "account": "354680274398",
          "region": "us-east-1",
          "task_definition_name": "stageaiopsbackend",
          "network": "awsvpc",
          "latest_revision": 78,
          "status": "ACTIVE",
          "compatibilities": [
            "EC2",
            "FARGATE"
          ],
          "cpu": "256",
          "memory": "512",
          "registered_at": "2024-03-01"
        },
        {
          "account": "354680274398",
          "region": "us-east-1",
          "task_definition_name": "test",
          "status": "INACTIVE",
          "network": "-",
          "latest_revision": "-",
          "compatibilities": "-",
          "cpu": "-",
          "memory": "-",
          "registered_at": "-"
        }
      ]
    }
  }
]