{
    "service": "Elastic Kubernetes Service",
    "friendly_name": "EKS",
    "inventory": {
      "clusters": [
        {
          "account": "082659010672",
          "region": "us-east-1",
          "eks_cluster": "argo-testing",
          "created_on": "31-01-2024",
          "version": "1.28"
        },
        {
          "account": "082659010672",
          "region": "us-east-1",
          "eks_cluster": "xops-test-dev",
          "created_on": "01-04-2024",
          "version": "1.29"
        }
      ],
      "node_groups": [
        {
          "account": "082659010672",
          "region": "us-east-1",
          "cluster": "argo-testing",
          "node_group": "testing-pk",
          "ng_created_date": "01-04-2024",
          "ng_modified_at": "01-04-2024",
          "ng_status": "CREATE_FAILED"
        },
        {
          "account": "082659010672",
          "region": "us-east-1",
          "cluster": "xops-test-dev",
          "node_group": null,
          "ng_created_date": null,
          "ng_modified_at": null,
          "ng_status": null
        }
      ],
      "add_ons": [
        {
          "account": "082659010672",
          "region": "us-east-1",
          "eks_cluster": "argo-testing",
          "addon_name": "aws-ebs-csi-driver",
          "addonVersion": "v1.27.0-eksbuild.1"
        },
        {
          "account": "082659010672",
          "region": "us-east-1",
          "eks_cluster": "argo-testing",
          "addon_name": "vpc-cni",
          "addonVersion": "v1.15.1-eksbuild.1"
        },
        {
          "account": "082659010672",
          "region": "us-east-1",
          "eks_cluster": "xops-test-dev",
          "addon_name": null,
          "addonVersion": null
        }
      ]
    }
  }