[
  {
    "service": "SSM",
    "friendlyname": "Systems Manager",
    "subservice": {
      "parameterstore": [
        {
          "account": "082659010672",
          "region": "ap-south-1",
          "name": "/inspector-aws/service/inspector-linux-application-paths",
          "type": "StringList",
          "lastmodified": "2024-02-02"
        },
        {
          "account": "082659010672",
          "region": "us-east-2",
          "name": "test1",
          "type": "String",
          "lastmodified": "2024-06-14"
        },
        {
          "account": "082659010672",
          "region": "us-east-2",
          "name": "test10",
          "type": "String",
          "lastmodified": "2024-06-14"
        },
        {
          "account": "082659010672",
          "region": "us-east-2",
          "name": "test11",
          "type": "String",
          "lastmodified": "2024-06-14"
        },
        {
          "account": "082659010672",
          "region": "us-east-2",
          "name": "test13",
          "type": "StringList",
          "lastmodified": "2024-06-14"
        },
        {
          "account": "082659010672",
          "region": "us-east-2",
          "name": "test3",
          "type": "String",
          "lastmodified": "2024-06-14"
        },
        {
          "account": "082659010672",
          "region": "us-east-2",
          "name": "test4",
          "type": "String",
          "lastmodified": "2024-06-14"
        },
        {
          "account": "082659010672",
          "region": "us-east-2",
          "name": "test5",
          "type": "String",
          "lastmodified": "2024-06-14"
        },
        {
          "account": "082659010672",
          "region": "us-east-2",
          "name": "test6",
          "type": "String",
          "lastmodified": "2024-06-14"
        },
        {
          "account": "082659010672",
          "region": "us-east-2",
          "name": "test7",
          "type": "String",
          "lastmodified": "2024-06-14"
        },
        {
          "account": "082659010672",
          "region": "us-east-2",
          "name": "test9",
          "type": "String",
          "lastmodified": "2024-06-14"
        },
        {
          "account": "082659010672",
          "region": "us-east-2",
          "name": "test12",
          "type": "SecureString",
          "lastmodified": "2024-06-14"
        },
        {
          "account": "082659010672",
          "region": "us-east-2",
          "name": "test2",
          "type": "String",
          "lastmodified": "2024-06-14"
        },
        {
          "account": "082659010672",
          "region": "us-east-2",
          "name": "test8",
          "type": "String",
          "lastmodified": "2024-06-14"
        }
      ]
    }
  }
]
