[
  {
    "resource": "CloudFormation",
    "friendly_name": "CloudFormation",
    "subservices": {
      "stacks": [
        {
          "account_id": "082659010672",
          "region": "ap-south-1",
          "stack_name": "StackSet-AWS-QuickSetup-SSMHostMgmt-LA-gs78h-3611d884-3812-4387-beeb-0bfb3c63a71c",
          "creation_time": "13-03-2024",
          "last_updated": null,
          "stack_status": "CREATE_COMPLETE",
          "deleted_time": null,
          "stack_drift_status": "IN_SYNC",
          "stack_drift_last_check": "15-03-2024"
        },
        {
          "account_id": "082659010672",
          "region": "us-east-1",
          "stack_name": "ECS-Console-V2-Service-gitlab-test-gitlab-test-a1ccae58",
          "creation_time": "07-03-2024",
          "last_updated": null,
          "stack_status": "DELETE_COMPLETE",
          "deleted_time": "08-03-2024",
          "stack_drift_status": "NOT_CHECKED",
          "stack_drift_last_check": null
        },
        {
          "account_id": "082659010672",
          "region": "us-east-1",
          "stack_name": "ECS-Console-V2-Service-gitlab-test-gitlab-test-a1ccae58",
          "creation_time": "07-03-2024",
          "last_updated": null,
          "stack_status": "DELETE_COMPLETE",
          "deleted_time": "07-03-2024",
          "stack_drift_status": "NOT_CHECKED",
          "stack_drift_last_check": null
        },
        {
          "account_id": "082659010672",
          "region": "us-east-1",
          "stack_name": "ECS-Console-V2-Service-gitlab-test-gitlab-test-a1ccae58",
          "creation_time": "07-03-2024",
          "last_updated": null,
          "stack_status": "DELETE_COMPLETE",
          "deleted_time": "07-03-2024",
          "stack_drift_status": "NOT_CHECKED",
          "stack_drift_last_check": null
        },
        {
          "account_id": "082659010672",
          "region": "us-east-1",
          "stack_name": "ECS-Console-V2-Service-gitlab-test-gitlab-test-a1ccae58",
          "creation_time": "07-03-2024",
          "last_updated": null,
          "stack_status": "DELETE_COMPLETE",
          "deleted_time": "07-03-2024",
          "stack_drift_status": "NOT_CHECKED",
          "stack_drift_last_check": null
        },
        {
          "account_id": "082659010672",
          "region": "us-east-1",
          "stack_name": "Infra-ECS-Cluster-gitlab-test-d0c665b6",
          "creation_time": "07-03-2024",
          "last_updated": null,
          "stack_status": "DELETE_COMPLETE",
          "deleted_time": "08-03-2024",
          "stack_drift_status": "NOT_CHECKED",
          "stack_drift_last_check": null
        },
        {
          "account_id": "082659010672",
          "region": "us-east-1",
          "stack_name": "finops-linkedacc",
          "creation_time": "21-02-2024",
          "last_updated": null,
          "stack_status": "CREATE_COMPLETE",
          "deleted_time": null,
          "stack_drift_status": "NOT_CHECKED",
          "stack_drift_last_check": null
        },
        {
          "account_id": "082659010672",
          "region": "us-east-1",
          "stack_name": "axiomio-test-lab",
          "creation_time": "01-02-2024",
          "last_updated": null,
          "stack_status": "CREATE_COMPLETE",
          "deleted_time": null,
          "stack_drift_status": "NOT_CHECKED",
          "stack_drift_last_check": null
        },
        {
          "account_id": "082659010672",
          "region": "us-east-1",
          "stack_name": "eksctl-argo-testing-addon-aws-ebs-csi-driver",
          "creation_time": "31-01-2024",
          "last_updated": null,
          "stack_status": "CREATE_COMPLETE",
          "deleted_time": null,
          "stack_drift_status": "NOT_CHECKED",
          "stack_drift_last_check": null
        },
        {
          "account_id": "082659010672",
          "region": "us-east-1",
          "stack_name": "eksctl-argo-testing-nodegroup-argo-testing-managed",
          "creation_time": "31-01-2024",
          "last_updated": null,
          "stack_status": "CREATE_COMPLETE",
          "deleted_time": null,
          "stack_drift_status": "NOT_CHECKED",
          "stack_drift_last_check": null
        },
        {
          "account_id": "082659010672",
          "region": "us-east-1",
          "stack_name": "eksctl-argo-testing-addon-vpc-cni",
          "creation_time": "31-01-2024",
          "last_updated": null,
          "stack_status": "CREATE_COMPLETE",
          "deleted_time": null,
          "stack_drift_status": "NOT_CHECKED",
          "stack_drift_last_check": null
        },
        {
          "account_id": "082659010672",
          "region": "us-east-1",
          "stack_name": "eksctl-argo-testing-cluster",
          "creation_time": "31-01-2024",
          "last_updated": null,
          "stack_status": "CREATE_COMPLETE",
          "deleted_time": null,
          "stack_drift_status": "NOT_CHECKED",
          "stack_drift_last_check": null
        },
        {
          "account_id": "082659010672",
          "region": "us-east-1",
          "stack_name": "aiops-shajjad",
          "creation_time": "31-10-2023",
          "last_updated": null,
          "stack_status": "CREATE_COMPLETE",
          "deleted_time": null,
          "stack_drift_status": "NOT_CHECKED",
          "stack_drift_last_check": null
        },
        {
          "account_id": "082659010672",
          "region": "us-east-1",
          "stack_name": "DatadogIntegration-DatadogIntegrationRoleStack-1GFBFM72ROZ91",
          "creation_time": "30-10-2023",
          "last_updated": null,
          "stack_status": "CREATE_COMPLETE",
          "deleted_time": null,
          "stack_drift_status": "NOT_CHECKED",
          "stack_drift_last_check": null
        },
        {
          "account_id": "082659010672",
          "region": "us-east-1",
          "stack_name": "DatadogIntegration-ForwarderStack-11H6Y5PM26Q6L",
          "creation_time": "30-10-2023",
          "last_updated": null,
          "stack_status": "CREATE_COMPLETE",
          "deleted_time": null,
          "stack_drift_status": "NOT_CHECKED",
          "stack_drift_last_check": null
        },
        {
          "account_id": "082659010672",
          "region": "us-east-1",
          "stack_name": "DatadogIntegration-DatadogAPICall-1KBSDTW6MTZYX",
          "creation_time": "30-10-2023",
          "last_updated": null,
          "stack_status": "CREATE_COMPLETE",
          "deleted_time": null,
          "stack_drift_status": "NOT_CHECKED",
          "stack_drift_last_check": null
        },
        {
          "account_id": "082659010672",
          "region": "us-east-1",
          "stack_name": "DatadogIntegration",
          "creation_time": "30-10-2023",
          "last_updated": null,
          "stack_status": "CREATE_COMPLETE",
          "deleted_time": null,
          "stack_drift_status": "NOT_CHECKED",
          "stack_drift_last_check": null
        },
        {
          "account_id": "082659010672",
          "region": "us-east-1",
          "stack_name": "log-exporter-eventbridge-events",
          "creation_time": "08-06-2023",
          "last_updated": null,
          "stack_status": "CREATE_COMPLETE",
          "deleted_time": null,
          "stack_drift_status": "NOT_CHECKED",
          "stack_drift_last_check": null
        },
        {
          "account_id": "082659010672",
          "region": "us-east-1",
          "stack_name": "log-exporter-core-resource",
          "creation_time": "08-06-2023",
          "last_updated": null,
          "stack_status": "CREATE_COMPLETE",
          "deleted_time": null,
          "stack_drift_status": "NOT_CHECKED",
          "stack_drift_last_check": null
        },
        {
          "account_id": "082659010672",
          "region": "us-east-1",
          "stack_name": "siem",
          "creation_time": "07-06-2023",
          "last_updated": "07-12-2023",
          "stack_status": "UPDATE_COMPLETE",
          "deleted_time": null,
          "stack_drift_status": "NOT_CHECKED",
          "stack_drift_last_check": null
        }
      ]
    }
  }
]