[
    {
      "service": "kms",
      "friendlyname": "Key Management Service",
      "subservice": {
        "projects": [
          {
            "account": "082659010672",
            "region": "ap-south-1",
            "keyid": "06c3cb49-259b-4be4-b879-fc928a392858",
            "creationdate": "2023-08-25",
            "validity": "None",
            "keyusage": "ENCRYPT_DECRYPT",
            "keytype": "AWS",
            "multiregion": false
          },
          {
            "account": "082659010672",
            "region": "ap-south-1",
            "keyid": "2d7cf23b-4982-433b-869d-f8dc61621ee3",
            "creationdate": "2023-09-22",
            "validity": "None",
            "keyusage": "ENCRYPT_DECRYPT",
            "keytype": "AWS",
            "multiregion": false
          },
          {
            "account": "082659010672",
            "region": "ap-south-1",
            "keyid": "337df413-8fbf-4674-be65-5c6a3a12fa57",
            "creationdate": "2023-09-22",
            "validity": "None",
            "keyusage": "ENCRYPT_DECRYPT",
            "keytype": "AWS",
            "multiregion": false
          },
          {
            "account": "082659010672",
            "region": "ap-south-1",
            "keyid": "45a1034c-7787-4de2-a7fa-6e3bc3f53ce0",
            "creationdate": "2023-08-09",
            "validity": "None",
            "keyusage": "ENCRYPT_DECRYPT",
            "keytype": "AWS",
            "multiregion": false
          },
          {
            "account": "082659010672",
            "region": "ap-south-1",
            "keyid": "4e967e48-c385-4913-b98c-50aabfc355d5",
            "creationdate": "2023-09-04",
            "validity": "None",
            "keyusage": "ENCRYPT_DECRYPT",
            "keytype": "AWS",
            "multiregion": false
          },
          {
            "account": "082659010672",
            "region": "ap-south-1",
            "keyid": "5b761bec-437a-4529-996c-6d8ee1bf6dfe",
            "creationdate": "2023-09-20",
            "validity": "None",
            "keyusage": "ENCRYPT_DECRYPT",
            "keytype": "AWS",
            "multiregion": false
          },
          {
            "account": "082659010672",
            "region": "ap-south-1",
            "keyid": "924ef22f-4af8-4a14-9ecb-60497914f031",
            "creationdate": "2023-09-25",
            "validity": "None",
            "keyusage": "ENCRYPT_DECRYPT",
            "keytype": "AWS",
            "multiregion": false
          },
          {
            "account": "082659010672",
            "region": "ap-south-1",
            "keyid": "99b1ff73-fe60-4d8a-8c5c-cc619533ce6c",
            "creationdate": "2024-02-05",
            "validity": "None",
            "keyusage": "ENCRYPT_DECRYPT",
            "keytype": "CUSTOMER",
            "multiregion": false
          },
          {
            "account": "082659010672",
            "region": "ap-south-1",
            "keyid": "9d70202d-830e-40c8-bdff-5a6b0f4eb4bd",
            "creationdate": "2023-08-25",
            "validity": "None",
            "keyusage": "ENCRYPT_DECRYPT",
            "keytype": "AWS",
            "multiregion": false
          },
          {
            "account": "082659010672",
            "region": "ap-south-1",
            "keyid": "9de2348d-edc8-4b1f-84b4-c476ad8e517a",
            "creationdate": "2023-08-25",
            "validity": "None",
            "keyusage": "ENCRYPT_DECRYPT",
            "keytype": "AWS",
            "multiregion": false
          },
          {
            "account": "082659010672",
            "region": "ap-south-1",
            "keyid": "b0be69fc-ce2c-40fb-8daa-e1c7cf3543f8",
            "creationdate": "2023-08-04",
            "validity": "None",
            "keyusage": "ENCRYPT_DECRYPT",
            "keytype": "CUSTOMER",
            "multiregion": false
          },
          {
            "account": "082659010672",
            "region": "ap-south-1",
            "keyid": "baefa7d2-6f8d-4fc3-9312-21431e23f05f",
            "creationdate": "2024-03-13",
            "validity": "None",
            "keyusage": "ENCRYPT_DECRYPT",
            "keytype": "CUSTOMER",
            "multiregion": false
          },
          {
            "account": "082659010672",
            "region": "ap-south-1",
            "keyid": "bbdb9007-fd9e-4e7a-ad33-f004fbba1e22",
            "creationdate": "2023-09-19",
            "validity": "None",
            "keyusage": "ENCRYPT_DECRYPT",
            "keytype": "AWS",
            "multiregion": false
          },
          {
            "account": "082659010672",
            "region": "ap-south-1",
            "keyid": "c7c7d288-e665-4ea1-b998-c462046a045b",
            "creationdate": "2023-08-21",
            "validity": "None",
            "keyusage": "ENCRYPT_DECRYPT",
            "keytype": "AWS",
            "multiregion": false
          },
          {
            "account": "082659010672",
            "region": "ap-south-1",
            "keyid": "e41ab046-a494-4382-821d-6baf257272b5",
            "creationdate": "2024-03-27",
            "validity": "None",
            "keyusage": "ENCRYPT_DECRYPT",
            "keytype": "AWS",
            "multiregion": false
          },
          {
            "account": "082659010672",
            "region": "ap-south-1",
            "keyid": "e9faea56-06da-4755-b785-0ab3310ab609",
            "creationdate": "2023-08-21",
            "validity": "None",
            "keyusage": "ENCRYPT_DECRYPT",
            "keytype": "AWS",
            "multiregion": false
          },
          {
            "account": "082659010672",
            "region": "ap-south-1",
            "keyid": "f54da310-2cb1-4967-9369-4e6bd8cb52a4",
            "creationdate": "2023-08-18",
            "validity": "None",
            "keyusage": "ENCRYPT_DECRYPT",
            "keytype": "CUSTOMER",
            "multiregion": false
          },
          {
            "account": "082659010672",
            "region": "ap-south-1",
            "keyid": "fb047085-663b-47e0-8263-14c57a924448",
            "creationdate": "2023-08-09",
            "validity": "None",
            "keyusage": "ENCRYPT_DECRYPT",
            "keytype": "AWS",
            "multiregion": false
          },
          {
            "account": "082659010672",
            "region": "us-east-1",
            "keyid": "03613d66-47c7-4e4a-8b34-1f23d8335f08",
            "creationdate": "2023-06-29",
            "validity": "None",
            "keyusage": "ENCRYPT_DECRYPT",
            "keytype": "AWS",
            "multiregion": false
          },
          {
            "account": "082659010672",
            "region": "us-east-1",
            "keyid": "2db6a797-c1a9-4a18-9586-c137489f2125",
            "creationdate": "2023-08-15",
            "validity": "None",
            "keyusage": "ENCRYPT_DECRYPT",
            "keytype": "AWS",
            "multiregion": false
          },
          {
            "account": "082659010672",
            "region": "us-east-1",
            "keyid": "302b222b-c809-425d-9792-540cb8b52467",
            "creationdate": "2023-07-21",
            "validity": "None",
            "keyusage": "ENCRYPT_DECRYPT",
            "keytype": "AWS",
            "multiregion": false
          },
          {
            "account": "082659010672",
            "region": "us-east-1",
            "keyid": "3eabdccc-44e6-436d-8e22-a721b76f86b1",
            "creationdate": "2023-06-07",
            "validity": "None",
            "keyusage": "ENCRYPT_DECRYPT",
            "keytype": "AWS",
            "multiregion": false
          },
          {
            "account": "082659010672",
            "region": "us-east-1",
            "keyid": "415a1e5d-6fe7-486b-b360-3eb494859050",
            "creationdate": "2023-06-07",
            "validity": "None",
            "keyusage": "ENCRYPT_DECRYPT",
            "keytype": "CUSTOMER",
            "multiregion": false
          },
          {
            "account": "082659010672",
            "region": "us-east-1",
            "keyid": "43ef17d1-4726-4aac-84dd-7d34ed3df729",
            "creationdate": "2023-07-17",
            "validity": "None",
            "keyusage": "ENCRYPT_DECRYPT",
            "keytype": "AWS",
            "multiregion": false
          },
          {
            "account": "082659010672",
            "region": "us-east-1",
            "keyid": "44fca034-5098-4797-9065-6246d1f2c7db",
            "creationdate": "2023-09-20",
            "validity": "None",
            "keyusage": "ENCRYPT_DECRYPT",
            "keytype": "AWS",
            "multiregion": false
          },
          {
            "account": "082659010672",
            "region": "us-east-1",
            "keyid": "4aeafeb0-c78b-40a9-aec5-343f7c880d42",
            "creationdate": "2023-07-04",
            "validity": "None",
            "keyusage": "ENCRYPT_DECRYPT",
            "keytype": "AWS",
            "multiregion": false
          },
          {
            "account": "082659010672",
            "region": "us-east-1",
            "keyid": "602bb79b-febf-46d0-a5e5-e0fc1387ea3c",
            "creationdate": "2024-03-15",
            "validity": "None",
            "keyusage": "ENCRYPT_DECRYPT",
            "keytype": "AWS",
            "multiregion": false
          },
          {
            "account": "082659010672",
            "region": "us-east-1",
            "keyid": "64a0c8e0-f7c8-48d0-a8d9-a72ba686213b",
            "creationdate": "2023-06-08",
            "validity": "None",
            "keyusage": "ENCRYPT_DECRYPT",
            "keytype": "AWS",
            "multiregion": false
          },
          {
            "account": "082659010672",
            "region": "us-east-1",
            "keyid": "74097c77-f5d7-41cb-aafe-7b7b4b8e82c9",
            "creationdate": "2023-10-30",
            "validity": "None",
            "keyusage": "ENCRYPT_DECRYPT",
            "keytype": "AWS",
            "multiregion": false
          },
          {
            "account": "082659010672",
            "region": "us-east-1",
            "keyid": "7c3515f4-aa8b-4f81-b874-3c2ad9a39e5f",
            "creationdate": "2023-06-07",
            "validity": "None",
            "keyusage": "ENCRYPT_DECRYPT",
            "keytype": "AWS",
            "multiregion": false
          },
          {
            "account": "082659010672",
            "region": "us-east-1",
            "keyid": "8248ca41-3bef-48a4-b4d7-9442e2c84e97",
            "creationdate": "2023-06-29",
            "validity": "None",
            "keyusage": "ENCRYPT_DECRYPT",
            "keytype": "AWS",
            "multiregion": false
          },
          {
            "account": "082659010672",
            "region": "us-east-1",
            "keyid": "c3c2a918-63a6-462b-b6ed-572936cdc1dc",
            "creationdate": "2023-08-08",
            "validity": "None",
            "keyusage": "ENCRYPT_DECRYPT",
            "keytype": "AWS",
            "multiregion": false
          },
          {
            "account": "082659010672",
            "region": "us-east-1",
            "keyid": "eca1d069-319e-4fc5-b3af-18dcef832f66",
            "creationdate": "2023-07-05",
            "validity": "None",
            "keyusage": "ENCRYPT_DECRYPT",
            "keytype": "AWS",
            "multiregion": false
          },
          {
            "account": "082659010672",
            "region": "us-east-1",
            "keyid": "ed9eb33f-99a5-47cc-a4fd-36208de022c1",
            "creationdate": "2023-08-24",
            "validity": "None",
            "keyusage": "ENCRYPT_DECRYPT",
            "keytype": "AWS",
            "multiregion": false
          },
          {
            "account": "082659010672",
            "region": "us-east-2",
            "keyid": "adc3ba76-9822-49cc-b392-a827f5c00c42",
            "creationdate": "2024-02-15",
            "validity": "None",
            "keyusage": "ENCRYPT_DECRYPT",
            "keytype": "AWS",
            "multiregion": false
          },
          {
            "account": "082659010672",
            "region": "us-east-2",
            "keyid": "db9aefd7-fb77-415a-a0b7-8b7c333daade",
            "creationdate": "2024-02-14",
            "validity": "None",
            "keyusage": "ENCRYPT_DECRYPT",
            "keytype": "AWS",
            "multiregion": false
          }
        ]
      }
    }
  ]
  