[
    {
      "service": "Secrets Manager",
      "friendly name": "Secrets Manager",
      "subservices": {
        "secrets": [
          {
            "account": "082659010672",
            "region": "ap-south-1",
            "name": "sqlworkbench!7c380bc6-7c9e-450f-b694-262a0ee871ce",
            "created_date": "2023-09-19",
            "last_accessed": null,
            "last_changed_date": "2023-09-19",
            "rotation_enabled": null
          },
          {
            "account": "082659010672",
            "region": "us-east-1",
            "name": "DdApiKeySecret-Nk81rmL2ApJW",
            "created_date": "2023-10-30",
            "last_accessed": "2024-04-16",
            "last_changed_date": "2023-10-30",
            "rotation_enabled": null
          },
          {
            "account": "082659010672",
            "region": "us-east-1",
            "name": "usermame",
            "created_date": "2023-10-30",
            "last_accessed": "2023-10-30",
            "last_changed_date": "2023-10-30",
            "rotation_enabled": true
          }
        ]
      }
    }
  ]